product_code,product_type,tier,term_months,term_years,reference_rate_pct,min_amount_usd,max_amount_usd,is_synthetic
CC-CLA,Credit Card,Classic,60,5,39.6,1000,21000,true
CC-GLD,Credit Card,Gold,60,5,34.2,21000,35000,true
CC-PLT,Credit Card,Platinum,60,5,28.8,35000,45000,true
CC-BLK,Credit Card,Black,60,5,23.4,45000,50000,true
MG,Mortgage,,180,15,7.2,5000,40000,true
MG,Mortgage,,240,20,8.4,40000,77000,true
MG,Mortgage,,300,25,9.6,77000,114000,true
MG,Mortgage,,360,30,10.8,114000,150000,true
PL,Personal Loan,,24,2,15.2,5000,41000,true
PL,Personal Loan,,36,3,18.4,41000,78000,true
PL,Personal Loan,,48,4,21.7,78000,113000,true
PL,Personal Loan,,60,5,24.8,113000,150000,true
